{"cameraMode":{"drawMode":0,"name":"Shaded","section":"Shading Mode"},"sceneLighting":false,"audioPlay":false,"sceneViewState":{"m_AlwaysRefresh":false,"showFog":true,"showSkybox":false,"showFlares":true,"showImageEffects":true,"showParticleSystems":true,"showVisualEffectGraphs":true,"m_FxEnabled":true},"in2DMode":false,"pivot":{"x":-2.694809913635254,"y":1.6177513599395753,"z":-0.7800000309944153},"rotation":{"x":0.018256783485412599,"y":-0.7694344520568848,"z":0.021880898624658586,"w":0.6381582617759705},"size":0.2512299120426178,"orthographic":true}