{"cameraMode":{"drawMode":0,"name":"Shaded","section":"Shading Mode"},"sceneLighting":false,"audioPlay":false,"sceneViewState":{"m_AlwaysRefresh":false,"showFog":true,"showSkybox":false,"showFlares":true,"showImageEffects":true,"showParticleSystems":true,"showVisualEffectGraphs":true,"m_FxEnabled":true},"in2DMode":false,"pivot":{"x":8.191376686096192,"y":1.8651394844055176,"z":-0.76166170835495},"rotation":{"x":0.018256783485412599,"y":-0.7694344520568848,"z":0.021880898624658586,"w":0.6381582617759705},"size":1.2626986503601075,"orthographic":true}