{"cameraMode":{"drawMode":0,"name":"Shaded","section":"Shading Mode"},"sceneLighting":false,"audioPlay":false,"sceneViewState":{"m_AlwaysRefresh":false,"showFog":true,"showSkybox":false,"showFlares":true,"showImageEffects":true,"showParticleSystems":true,"showVisualEffectGraphs":true,"m_FxEnabled":true},"in2DMode":false,"pivot":{"x":-0.009864892810583115,"y":-0.0061400532722473148,"z":-0.0377417728304863},"rotation":{"x":-0.18535177409648896,"y":0.7502315044403076,"z":-0.23603342473506928,"w":-0.5891401767730713},"size":0.11903917789459229,"orthographic":false}