{"cameraMode":{"drawMode":0,"name":"Shaded","section":"Shading Mode"},"sceneLighting":false,"audioPlay":false,"sceneViewState":{"m_AlwaysRefresh":false,"showFog":true,"showSkybox":false,"showFlares":true,"showImageEffects":true,"showParticleSystems":true,"showVisualEffectGraphs":true,"m_FxEnabled":true},"in2DMode":false,"pivot":{"x":44.744998931884769,"y":2.256999969482422,"z":49.361000061035159},"rotation":{"x":0.048427287489175799,"y":-0.896447479724884,"z":-0.10128266364336014,"w":-0.42872166633605959},"size":0.2660253643989563,"orthographic":false}