{"cameraMode":{"drawMode":0,"name":"Shaded","section":"Shading Mode"},"sceneLighting":false,"audioPlay":false,"sceneViewState":{"m_AlwaysRefresh":false,"showFog":true,"showSkybox":false,"showFlares":true,"showImageEffects":true,"showParticleSystems":true,"showVisualEffectGraphs":true,"m_FxEnabled":true},"in2DMode":false,"pivot":{"x":-0.04306471347808838,"y":0.3896917700767517,"z":0.04124748706817627},"rotation":{"x":-0.08199299871921539,"y":0.7233774065971375,"z":-0.08722563832998276,"w":-0.6800031065940857},"size":0.8984235525131226,"orthographic":false}