{"cameraMode":{"drawMode":0,"name":"Shaded","section":"Shading Mode"},"sceneLighting":false,"audioPlay":false,"sceneViewState":{"m_AlwaysRefresh":false,"showFog":true,"showSkybox":false,"showFlares":true,"showImageEffects":true,"showParticleSystems":true,"showVisualEffectGraphs":true,"m_FxEnabled":true},"in2DMode":false,"pivot":{"x":-0.23000001907348634,"y":2.0199999809265138,"z":10.479999542236329},"rotation":{"x":0.018256783485412599,"y":-0.7694344520568848,"z":0.021880898624658586,"w":0.6381582617759705},"size":13.689399719238282,"orthographic":true}