{"cameraMode":{"drawMode":0,"name":"Shaded","section":"Shading Mode"},"sceneLighting":false,"audioPlay":false,"sceneViewState":{"m_AlwaysRefresh":false,"showFog":true,"showSkybox":false,"showFlares":true,"showImageEffects":true,"showParticleSystems":true,"showVisualEffectGraphs":true,"m_FxEnabled":true},"in2DMode":false,"pivot":{"x":15.470867156982422,"y":0.08415889739990235,"z":14.233156204223633},"rotation":{"x":-0.021045876666903497,"y":0.5662251710891724,"z":0.014396822080016137,"w":0.8239097595214844},"size":5.244369983673096,"orthographic":true}