{"cameraMode":{"drawMode":0,"name":"Shaded","section":"Shading Mode"},"sceneLighting":true,"audioPlay":false,"sceneViewState":{"m_AlwaysRefresh":false,"showFog":true,"showSkybox":true,"showFlares":true,"showImageEffects":true,"showParticleSystems":true,"showVisualEffectGraphs":true,"m_FxEnabled":true},"in2DMode":false,"pivot":{"x":-0.10779525339603424,"y":1.352116346359253,"z":-0.9164917469024658},"rotation":{"x":-0.18839102983474732,"y":0.6343966126441956,"z":-0.16334055364131928,"w":-0.7316921949386597},"size":3.250647783279419,"orthographic":true}