{"cameraMode":{"drawMode":0,"name":"Shaded","section":"Shading Mode"},"sceneLighting":true,"audioPlay":false,"sceneViewState":{"m_AlwaysRefresh":false,"showFog":true,"showSkybox":true,"showFlares":true,"showImageEffects":true,"showParticleSystems":true,"showVisualEffectGraphs":true,"m_FxEnabled":true},"in2DMode":false,"pivot":{"x":5.450855255126953,"y":-2.7433841228485109,"z":12.546852111816407},"rotation":{"x":0.6313968896865845,"y":-0.008141868747770787,"z":0.006629808805882931,"w":0.7753888964653015},"size":15.667032241821289,"orthographic":false}