{"cameraMode":{"drawMode":0,"name":"Shaded","section":"Shading Mode"},"sceneLighting":true,"audioPlay":false,"sceneViewState":{"m_AlwaysRefresh":false,"showFog":true,"showSkybox":true,"showFlares":true,"showImageEffects":true,"showParticleSystems":true,"showVisualEffectGraphs":true,"m_FxEnabled":true},"in2DMode":false,"pivot":{"x":0.006587609648704529,"y":0.21992087364196778,"z":-0.49814242124557497},"rotation":{"x":0.018256783485412599,"y":-0.7694344520568848,"z":0.021880898624658586,"w":0.6381582617759705},"size":1.0750648975372315,"orthographic":true}