{"cameraMode":{"drawMode":0,"name":"Shaded","section":"Shading Mode"},"sceneLighting":true,"audioPlay":false,"sceneViewState":{"m_AlwaysRefresh":false,"showFog":true,"showSkybox":false,"showFlares":true,"showImageEffects":true,"showParticleSystems":true,"showVisualEffectGraphs":true,"m_FxEnabled":true},"in2DMode":false,"pivot":{"x":-5.960464477539063e-8,"y":0.1399996280670166,"z":0.8385000228881836},"rotation":{"x":-0.042305633425712588,"y":0.777058482170105,"z":-0.05253211036324501,"w":-0.6258123517036438},"size":1.1175637245178223,"orthographic":false}